<?xml version="1.0" encoding="UTF-8"?>
<beans xmlns="http://www.springframework.org/schema/beans"
	xmlns:aop="http://www.springframework.org/schema/aop"
	xmlns:context="http://www.springframework.org/schema/context" xmlns:p="http://www.springframework.org/schema/p"
	xmlns:mvc="http://www.springframework.org/schema/mvc" xmlns:xsi="http://www.w3.org/2001/XMLSchema-instance"
	xmlns:tx="http://www.springframework.org/schema/tx"
	xsi:schemaLocation="http://www.springframework.org/schema/beans http://www.springframework.org/schema/beans/spring-beans-4.1.xsd
						http://www.springframework.org/schema/aop http://www.springframework.org/schema/aop/spring-aop-4.1.xsd
						http://www.springframework.org/schema/context http://www.springframework.org/schema/context/spring-context-4.1.xsd
						http://www.springframework.org/schema/tx http://www.springframework.org/schema/tx/spring-tx-4.1.xsd  
						http://www.springframework.org/schema/mvc http://www.springframework.org/schema/mvc/spring-mvc-4.1.xsd">



	<context:component-scan base-package="com.att.tta" />
	
	<mvc:annotation-driven />
	<tx:annotation-driven />

	<context:property-placeholder location="classpath*:${appenv}/ccqp.properties" />
	
	<!--  
	<aop:aspectj-autoproxy proxy-target-class="false" expose-proxy="false">
	</aop:aspectj-autoproxy>	
	<bean id="ccqpAspectLogger" class="com.att.tta.ccqp.intercepter.CCQPAspectLogger"/> 
	-->
	
	<!-- Configure the multipart resolver -->
	<bean id="multipartResolver" class="org.springframework.web.multipart.commons.CommonsMultipartResolver">
	    <!-- one of the properties available; the maximum file size in bytes -->
	    <property name="maxUploadSize" value="${maxUploadSize}"/>
	</bean>

	<!-- Hibernate SessionFactory -->
	<bean id="sessionFactory" class="org.springframework.orm.hibernate4.LocalSessionFactoryBean">
		<property name="dataSource" ref="dataSource"></property>
		<property name="hibernateProperties">
			<props>
				<prop key="hibernate.dialect">${hibernate.dialect}</prop>
				<prop key="hibernate.hbm2ddl.auto">${hibernate.hbm2ddl.auto}</prop>
				<prop key="hibernate.format_sql">${hibernate.format_sql}</prop>
				<prop key="hibernate.show_sql">${hibernate.show_sql}</prop>
				<prop key="hibernate.hbm2ddl.import_files">${hibernate.hbm2ddl.import_files}</prop>								
				
				 <!-- C3P0 connection pool -->
        	<!-- 	<prop key="hibernate.c3p0.timeout">600</prop>
        		<prop key="hibernate.c3p0.maxIdleTimeExcessConnections">20</prop> -->

        		<!--  Connection testing settings -->
        		<!-- <prop key="hibernate.c3p0.validate">false</prop>
        		<prop key="hibernate.c3p0.idle_test_period">30</prop>
        		<prop key="hibernate.c3p0.automaticTestTable">conTestTable</prop> -->
				
			</props>			
		</property>		
		
		<property name="packagesToScan" value="com.att.tta.ccqp.schema"></property>
	</bean>
	
	<!-- http://myjourneyonjava.blogspot.com/2015/09/spring-4-mvc-hibernate-4-mysql-5-maven.html -->

	<bean id="transactionManager"
		class="org.springframework.orm.hibernate4.HibernateTransactionManager">
		<property name="sessionFactory" ref="sessionFactory" />
	</bean>

	<bean class="org.springframework.orm.jpa.vendor.HibernateJpaDialect" />
	<bean class="org.springframework.dao.annotation.PersistenceExceptionTranslationPostProcessor" />
		
		
		<!-- usage reports start-->

     <bean id="copyOfUsageReportPropertiesMap" class="com.att.tta.model.CopyOfUsageReportPropertiesMap">
		<property name="customMap">
			<bean
				class="org.springframework.beans.factory.config.PropertiesFactoryBean">
				<property name="locations" value="classpath:ccqp-usage-report.properties" />
			</bean>
		</property>
	</bean>
	<import resource="classpath*:usage-report.xml" />
	<bean id="loggingAspect" class="com.att.tta.interceptor.LoggingAspect">
		<property name="enableLogging" value="true" />
	</bean>
	
	<!-- usage reports end -->

	<bean id="dataSource" class="oracle.jdbc.pool.OracleDataSource"
		destroy-method="close">
		<property name="URL" value="${jdbc.url}" />
		<property name="user" value="${jdbc.user}" />
		<property name="password" value="${jdbc.password}" />
		<property name="connectionCachingEnabled" value="${jdbc.connectionCachingEnabled}" />
		<property name="connectionCacheName" value="${jdbc.connectionCacheName}" />
		<property name="connectionCacheProperties">
			<props merge="default">
				<prop key="InitialLimit">${jdbc.initiallimit}</prop>
				<prop key="MinLimit">${jdbc.minlimit}</prop>
				<prop key="MaxLimit">${jdbc.maxlimit}</prop>
			</props>
		</property>
	</bean>
	
</beans>
